31_0Skel_31_0Skel,31_0Skel_31_0Bulge,31_0Skel_31_50Skel,31_0Skel_31_50Bulge,31_0Bulge_31_0Skel,31_0Bulge_31_0Bulge,31_0Bulge_31_50Skel,31_0Bulge_31_50Bulge,31_50Skel_31_0Skel,31_50Skel_31_0Bulge,31_50Skel_31_50Skel,31_50Skel_31_50Bulge,31_50Bulge_31_0Skel,31_50Bulge_31_0Bulge,31_50Bulge_31_50Skel,31_50Bulge_31_50Bulge
305.58688099661435,344.00197873299174,344.56505590467856,372.144789311261,359.1335914630947,327.936037635835,386.81930862570204,372.60040501575014,326.63773643175847,357.65390946528896,314.65949742331946,361.24850316347516,360.2865662771206,324.4391314046068,372.83482581329383,324.50078157638893
302.4541468716629,343.05254729151625,343.20702943866286,370.9276251400132,358.37519588704487,325.0507914367341,386.29712052878,371.2893979012035,325.7648787224265,357.1662150208641,312.1344743375942,360.38005500655095,360.0713917759029,324.30912443524625,372.4437163011723,322.01074808979706
299.81719107181783,342.0177369302092,342.10257655364586,369.93483924343155,356.43389543419033,322.1645410828665,384.64860527788005,369.8376291251246,324.1605592950347,356.33037930230637,309.1968500638287,359.1927032264456,359.14419250116083,323.0754487263437,371.2980449274938,318.805003872928
297.7426517148222,341.18736159074564,341.3245439135216,369.189650832325,355.23904481305567,319.52789423284463,383.92125118199766,368.9808269351941,323.3188936732201,355.379701985923,307.64797114421305,358.3991071695912,358.8101828847955,322.40202318526497,370.86955234844095,316.91290436527964
295.4981458172002,340.727854363977,340.06608373244353,368.3539746371287,354.30212357269625,317.5630740462628,382.9334458117542,367.81216210741223,323.24538524720214,355.8210287367884,305.66058271088264,358.2529301079118,358.21506965128367,321.91297299664654,370.0568486915316,314.25967695185176
293.9618860556278,339.70133553478576,339.3799313965712,367.31118681666993,352.90436195150227,315.1423845031254,381.920393787746,366.55753946804333,321.6881901153536,354.63135796700163,303.0657872687863,356.89094630441576,358.24811219920343,321.24841746214446,370.18094393903334,312.8396630991004
291.3159939550244,339.3037410142213,338.0922636266059,366.3280017666501,351.68223305790394,312.82744586321564,380.9149836045483,365.4388689979359,321.1706510487018,354.27472931012693,301.1067334015495,356.5121294206327,357.3422170009366,320.1448124699069,369.40402349913717,309.63132303380263
289.57345251875245,339.153401885859,337.4979440590363,365.65567337278816,350.15813095494957,310.0427620269274,379.45255264298953,364.0081054972769,321.00120515120943,354.595521696033,299.6473048830467,356.2408342368995,356.7459952246472,319.6437403771937,368.608336876566,308.2662412320566
288.17393485617754,339.07601378725366,337.1383989517034,365.38015534512556,349.65704884918347,308.1407558113864,378.7688340602867,363.006697545541,320.1602648598859,354.1344899395909,297.6610195396339,355.6509075588484,356.5824462542184,319.1123222650003,368.1353903829762,306.44374290694054
286.72949543840036,339.0766285725672,336.7612982027946,365.20880483651416,348.3590799864013,306.2462563688098,377.52167972907006,361.7832027078208,318.98498502761953,353.3015901519471,295.3133048285182,354.252461965237,356.2906914102696,318.36614802238046,367.5470662685139,304.6571145738328
285.73096677021084,339.29983902506393,336.8912472298993,365.4367751244084,347.09798266672163,304.21547494371066,376.33365011843205,360.7803373789937,319.134238730773,353.7920596067301,294.27982116318526,354.66922986187313,355.63344164229005,317.7339922263507,366.77393598695437,302.95199450616957
284.0211143406779,338.95022370041863,335.7434753437064,364.6541576650666,346.4131422078405,302.7696376819214,376.00920535740994,360.383089624866,318.0580592459999,352.96815602448277,291.9142897090513,353.2606843814468,355.33934413362294,317.28995850101313,366.00424868233733,301.2592637108785
282.95990291603755,339.33239853379416,335.9571552098263,364.48478191463494,345.50697188891564,301.6998265347435,375.19384945672294,359.55779181715184,317.83023415052617,352.17697517359767,290.62537549026683,352.8468833344763,355.5365324485595,317.31125974519045,365.8577388869696,300.1389357419612
282.2381846102992,339.8350552534074,335.9494771500044,364.7840660303416,344.2818296274786,299.25787233844073,373.86863113197774,358.22730399187424,317.7594654439122,352.09388818328426,288.8716037263815,352.3512725481969,355.2776235563372,316.58543499475314,364.8124541556227,296.99134449514617
281.58135408838774,340.0779782205672,336.33466939353804,364.8799010229295,344.37305287287785,298.8300099093925,373.8231799783123,358.2173399511023,317.62287085545205,352.1204573241099,287.73565434109787,352.1048198281767,354.9738090526045,316.3002001488089,363.56922749161623,294.87389746434405
280.26013524836435,339.7253685916258,335.5127944706167,364.31897474141664,343.2373808860914,297.6304485001576,373.1795272307604,357.4362810883575,316.67327444934614,350.96233733915506,285.7988671373859,350.91994121302605,355.9195388110891,317.1069003894891,363.92878475438795,293.9085034519893
279.58689211532544,340.6062538645174,335.68528149680833,365.12543111153957,342.84901273531653,296.80951667571,372.3713885571207,356.6572516616549,316.6399174777125,351.29271067855836,284.90063859006716,350.47915593058997,355.62496103851055,316.53587754708946,362.7536865466414,291.44928147390516
278.59013079677715,340.726647470881,335.39818379676126,365.13858633722225,341.6076367204071,295.7550629069389,371.74981231554045,355.6342754988179,316.62382819837904,351.4737524565586,284.3390764134307,350.36724158676736,355.417595637418,316.1106344954198,361.8426801386203,289.86167039529647
278.14963117410923,340.5839167904602,335.0224512568651,364.86884946940137,340.58598959841504,294.25314936556765,370.8787683985414,354.1654511201033,316.80427133920574,351.18040794217546,282.5982313029472,349.9208390663893,355.61610864040796,316.08849481786376,361.24860558695735,288.5697184254633
277.4211261405792,340.84356694340204,334.4069842355467,364.62659345265445,339.4391186029689,292.8102425992245,370.00711839850175,352.57451149289795,317.4454583665389,351.6332611670595,282.10313460438425,350.24852704297507,355.55120890648783,315.4367357290134,360.30881383618924,286.5979300321454
276.6810028478208,340.4674017599806,333.49264650942973,364.24746643527743,337.47198784488336,291.6234753265405,368.6003467222112,350.93289155584955,315.9238869243176,350.4410164314132,279.6624086452845,348.66193950045147,357.05435538260423,317.2352800404771,361.50191004046167,287.0767678240434
276.35890906406803,340.55661373782885,333.1551716105579,364.07144473648356,336.2467982438552,290.36685887350063,367.7753921427017,349.6322986256859,316.0582714388198,350.61862677839565,278.8449569532583,348.5481534305623,358.1225941231224,318.03082354191883,361.14018082473507,285.911442542096
275.2592836201669,339.9233411654885,332.2763720045742,363.4794399577502,334.57605503913396,289.436097257974,366.43170623110143,348.01629845929085,315.647513323044,349.83750624446964,277.3099088282446,347.3911414754614,358.39419096829363,318.002531366834,360.493297361069,284.1074615261149
274.24313747536013,339.63911640180123,331.6721462977799,362.84386071999876,332.587181376146,287.80582286382224,364.90093012911393,346.22105989358107,315.6354359485584,349.89696776763117,276.0304016948885,346.8823235471491,359.6020919361486,319.31463063109067,360.49300012816644,283.2600603894231
272.23819017893913,338.38960748435767,329.60746064447335,361.35409435171636,331.0161879646356,285.8147357180778,363.81730717388945,344.5236852184051,315.2944096443166,349.52366334240185,274.6526973611741,346.04154299326666,360.7534942735573,320.5916070272974,360.6191623099327,282.76842764898504
270.8678078373389,337.14258261508917,327.8853780546717,359.8660212573604,329.7061146832293,284.6815489361667,362.73351130801944,343.0891470735499,314.55420577127836,349.0586164776526,272.6373575253851,344.89469957664295,361.52750011538217,321.65487242710464,360.7342283624229,282.35037539463286
268.9966255890535,335.76147667990017,325.956768062528,358.50257705736175,328.22485723659423,283.169936474478,361.3833159887187,341.42931677324844,314.81445035087245,349.0961609309057,271.99728827073284,344.6061142994347,361.97372793736724,321.98411643840535,360.4075516257265,281.4234294356366
266.61192341054374,333.5705332899759,323.84930528326066,356.25040711075604,327.08607597948486,282.06441454044136,360.4007739135564,339.5463851562742,314.71274029608605,348.96624195224103,271.00126968602893,343.9639917573442,362.42222588367883,322.84358742875,359.8958226546451,280.47715009261196
265.3189195672441,332.74689003199796,322.7028277218169,355.34667075583934,325.93105070597994,281.3002827513123,359.5327946935989,337.73963602447805,313.9925952650646,348.71772893099774,269.72360434634214,343.02070661111185,364.2916734075931,324.6804656419935,360.572089341337,280.67991165536165
264.5996233647364,332.1441767469323,321.77473540982186,354.62296136387636,324.7458274915171,280.350642330105,358.9108385977785,336.1491634034413,314.0541416573436,348.1274802395427,268.3469630359569,341.8469746840727,364.59972180030337,325.4141241316183,360.42916355260434,280.23724038512904
262.93776295548474,331.2853149537027,319.79457546945264,352.89862786117567,324.73453218208925,279.67673974237994,358.8341785892436,334.9125438908802,313.8292007314695,347.81590185958373,267.3759949415972,340.7335091745871,364.1201736914416,325.23233953162884,359.5276463649072,278.5378563081034
261.8612294074467,330.12751530703434,318.6649466543382,351.6088808835744,324.4341000218984,278.80321531748183,358.2828840526141,333.8924731029315,313.6891482703029,347.8734049671611,266.52066779866914,340.45967646079765,363.34009722736613,324.1850356726063,357.8826765965108,276.1306056777638
260.0757361802884,328.5809025347021,316.92018087493744,349.97341287869244,323.92954475453405,278.21115117907397,358.1248200663325,332.845527318633,313.58367785235646,347.83788998707564,265.39590281148486,339.6638208620426,363.96671091807616,325.11964355629493,358.0392059380303,275.83713880560566
260.309472124865,329.0981578487685,316.9372558620615,350.2767567041676,323.4105990619606,277.31373291858654,357.27699454242605,331.76742670596246,313.1752007951917,347.3707433958136,264.45593834416667,338.6165402074938,363.5917303816833,324.8316042603148,356.3932875293204,274.4834320757059
259.0422474744653,327.9899670529531,315.89120542554866,349.20724860208804,322.628447646982,276.149605922837,356.3311746146876,329.9029129966832,312.3679397711731,346.8546883859117,262.9727312205877,337.95221274097713,364.0977223290416,325.8780534763447,356.4178292613443,274.3441597841706
259.12506529857654,328.3265401480734,315.6226263949988,349.4818553558416,321.41575603665,274.9501644529478,355.59549418415924,328.2464785305572,312.16112704899194,347.0210872784527,261.9679253467014,337.3443435976115,362.0599097185168,323.7949209076709,353.90481761534227,272.17958672261045
258.38968232692673,328.0730565161077,315.0148128630932,349.05316119538145,322.2591577508022,275.11120381785645,355.9746856919144,327.7583967451664,311.4916974241876,346.7959025096726,260.7435696127411,336.64366304560525,358.9789040312705,321.1273471092158,350.30953268241143,268.9658315498641
257.22958922859647,327.45223217266135,313.8000026721336,348.19211044550497,321.6662624708118,274.6601921874233,355.36733163036075,326.09112528809084,311.42325031174494,346.8274713997085,259.67629892694134,335.94477830624686,355.1803332647949,317.7077829199866,346.18566761490234,265.1708484962246
257.4398170106507,328.3476138152502,313.99088163475517,348.7809448450309,320.87881042938835,273.4368687235287,354.26028212514035,323.99931729865153,311.1257294087466,346.7510405745477,258.78007021882877,335.56379592557,352.7257826774205,315.5413599641444,343.380100101006,263.24968171897916
257.270088987582,328.6055830270965,313.6497001866342,348.5205420152763,321.1541683154701,273.1486066770022,354.43072889009215,323.1888314520788,310.2569585309003,346.546722261316,257.21021877205163,334.5349690372786,351.9365872934812,314.48459072439823,341.96462611509895,262.37844900107916
257.47236072141857,328.8731840805011,314.18647907395456,348.69238179859536,321.8772153005442,272.97466700688653,354.7925930559995,322.4136908511628,310.90222321246523,346.93730139976657,256.96137075576667,334.284886103059,350.3469792938735,313.5534031211561,340.2096283629004,260.9811114326003
258.03845105778487,329.99294969171694,314.3156880150098,349.6765399737154,320.99877442292063,272.00705783229864,353.9704129042399,320.767915395108,309.9346405628891,346.7927255533837,254.93304603517925,333.13235474159393,350.5811593686489,314.2251754796309,339.77311463670554,260.8458558524842
258.2310402310242,330.6237872525644,314.8646201688294,350.00110174077133,320.6162349990222,270.8122230169363,353.5913988257096,319.94304125264154,309.4444336150836,346.26428660255726,253.6784646805142,332.09438096624086,349.81778158542096,313.3864266199178,338.16817385620146,258.82253953956314
258.6332187901181,331.5542530381822,315.2406758470635,350.4934841155127,320.9717756590522,270.7894453242088,353.651258926039,319.62623914653426,308.65540662877777,346.12054635462835,252.56858987974928,331.00124701727674,349.5304720299602,313.2379627716648,337.49336392807794,258.14184827605476
259.1891697761519,332.0105661202633,315.29913061028344,351.05467629866763,321.1373351475712,270.5186431715428,353.5373716441566,318.7198477902935,308.03735624392453,345.5604804938668,250.4893332131106,329.94370765020244,349.55566488862104,313.5077029915091,336.7690542088418,257.78505576052345
258.2094187624311,332.38679213372563,314.8270690111006,351.35981139966196,321.5150356201046,270.000313365428,353.3111286955325,317.7338327831494,307.56071570565666,345.586557772904,249.98065043299266,329.26782651866466,348.82138126319927,312.5348701237272,335.2616179440511,256.7052928680134
260.3503102758509,334.64627693055763,316.2271128231344,353.3290496601318,321.8648545101248,270.06121358546807,353.069689329567,317.1531801116375,306.4856171084792,344.8807105086438,248.4620190613389,327.8677545495471,349.35600480231915,313.0997427402857,335.4961923470208,256.8352593085588
259.7433403560147,335.0965287144668,316.03152988540785,353.50073717095256,322.17153168254083,269.47584821718704,353.04872389880524,316.5080113145243,305.8066443747173,344.59597527479986,247.0280995857022,326.7464607636469,349.06026028155173,312.8880335870751,333.840514881503,255.66240454917488
259.31752870156976,335.14585368240057,315.6763540683432,353.522430064078,322.08417268396425,268.63782045193386,352.53711642496626,315.4492868645793,305.5382837779585,345.1663469797404,245.88540332356015,326.58299853918714,349.5040140249487,313.2264060615418,333.6147429264584,255.11069486565125
257.7983518746894,334.9967433463372,314.7633422947726,353.3202030568827,322.60460348703526,268.77848295958944,352.89881435045487,315.1568219574178,305.40535166342255,345.3233110464953,245.04159048534396,326.3477106008901,349.48121116486385,313.44793714852835,332.5165248746286,254.67243765578567
257.5271067323519,335.00736795161106,314.5635620512747,353.4453081110826,323.3336843032009,268.37717848975615,352.92005115926264,314.7792451581934,305.19315769991607,345.71517843228986,244.55525946161396,325.9770578921428,349.45797244000283,313.3514240243175,331.4889805952369,253.50970978686684
255.48455405808411,334.0567212191812,312.8727448303244,352.4450333206425,324.3306884792238,268.17785668549294,353.56327946480457,314.7316094168068,305.87118975812336,346.64430163870185,244.4181773358404,326.0465993878315,349.570805346118,313.3646809795868,331.4385173972372,253.23484222727274
255.01516016597705,334.07199449773276,312.32475591861163,352.22559440728514,325.2986022358014,268.04520163236924,353.68379460905953,314.46866987017836,305.7282245706683,347.6062486110537,244.34733324619975,326.37427039678204,349.1949725255745,313.50077352870227,330.4984691461952,253.27938226121614
252.96559180311053,333.14242733823534,310.63794275556893,351.0240140044874,325.3276059824519,268.0034753002806,353.5628685434162,313.99555498078513,306.6115004801911,348.8028400997785,243.98821738681198,326.57119690170765,349.3405483618085,313.3664003708241,330.01075887117105,252.03535586905417
250.7648843609572,332.0781490021344,308.7446777173112,349.68587561222233,325.8843990770339,267.3685146688471,353.61125601465153,313.4685292001913,306.53237028748396,349.22254239468134,243.81722936029453,326.4204746134588,350.34648791677716,314.1046105941932,329.96855833329704,252.28933753317978
249.65842175417404,331.5580519648147,307.91381565545,348.7118061997153,326.86702938492226,267.4102624091791,353.77541707561613,313.1432059630484,306.995216734907,350.04040933301917,242.65898336140452,326.4100745799636,349.74609359544627,313.6818500448465,328.3059962605008,250.7948344551826
248.64364635609954,330.9285491459962,306.5577008359198,347.9544148039605,327.5857042964533,267.40047719772855,353.6964382160915,312.9336649199575,307.7767469785071,351.0405039525704,242.86604821816553,326.6518811228258,349.62811443381776,313.58815531503586,327.68714888826884,250.41365443900926
247.4910900398744,330.85512653271525,305.7868964632761,346.9713582356234,328.3046362481831,266.80873772602337,353.551351389372,312.58767369199126,308.7408823223093,352.3248781697492,243.16590726420162,327.3721133946047,349.307447735902,313.6474375965656,326.7863592549583,250.0549069479914
246.11367469166143,329.7503884161546,304.6225637155553,346.1296936458653,328.7927666698291,266.2971136970795,353.350372310307,312.1829225943227,309.7837365471035,353.5408478438751,243.37172541745045,328.0283722265633,348.8366533877613,313.36961959110425,325.8686580992656,249.08619111875964
245.23003171983817,329.57969847166504,303.88840599470996,345.34466280348585,329.6058669003008,266.070674047139,353.30003620298834,312.13769920606944,310.4832069826509,354.59143662808145,243.79524260749255,328.48773766418975,349.4844589594076,314.0375562259623,325.8316999754254,249.29662082250735
245.30358485793894,330.0731268994247,303.6410852077222,345.46334821382555,330.0323747780905,266.0266777941594,353.1416904138954,311.6322746077427,311.550586657459,355.8340079908347,243.96155507710955,329.11950937205404,349.1174643301493,314.0438721119429,324.8976504804189,248.77573973655
244.44732711288287,329.352868186959,302.7553809265011,344.3996079323517,330.7377601704343,265.49409943506413,353.31125459038196,311.5449998446592,312.7307097276331,357.38882867647567,244.7009571957415,330.1178177184762,349.454627608599,314.72264216108533,324.5224216954076,248.70338330186962
244.60829792445054,329.8739806547821,302.7846753083538,344.3252715661896,331.82250175107873,265.98158485564704,353.5013389494901,311.9196093661046,312.7856022574935,358.0679843199344,244.17087459101944,329.70375326029335,349.684539159486,315.2876805349854,324.30947882836927,249.13102584030364
245.07814900918237,330.27378461864754,303.0185179198159,344.506884054777,332.2117757655672,265.5425712364699,353.18329740629025,311.305669024823,314.03727802194373,359.336720148971,244.79926547444086,330.44476411012715,349.75072699020893,315.4118980741504,323.72888993396816,248.99624827730284
245.35850295913804,329.9750137938191,303.339060023082,344.04208572440103,332.3383329056691,264.97048561711165,352.76919425297444,310.97345135605264,313.9528878370589,359.6615908413046,244.02763951970113,330.1691355564487,350.23020778553473,316.1378668914548,323.6670955937101,248.8488035639439
245.58113727806156,330.7069940766967,303.86783302565124,344.4643559896491,332.5530686430266,264.19715470411427,352.27823859604666,310.72712191451194,314.6969246116739,360.50448980372096,244.30967901921065,330.31172673116737,350.5697912231089,316.6502919893102,323.723287602319,249.0880073841063
245.97251849580266,330.8638238922733,304.3547178054581,344.7065978167148,332.6732371474499,263.5372019766225,351.80283268824996,310.542701169301,314.4655476072164,360.4329979930821,242.7999789710313,329.4822694869952,349.95804125582947,316.66453607065176,323.09060544564545,248.57898161203522
246.61845398973975,331.47179592507365,304.45612209395784,344.52411483288364,332.85086198109775,262.9689862401841,351.64043984487165,310.1177603086796,314.97784484429195,361.1564979105488,243.29561112461917,329.7997949887092,349.61444769114615,316.91776797211475,322.6238688031072,248.4051084156639
247.17788253645097,332.1087619650333,304.9006199587038,345.4691856304821,333.04099626890115,263.23530361784105,351.45252949210135,310.4764178247488,314.73612938651945,361.59893496048477,243.05003731265344,329.6595417521569,349.72414501990204,317.39175758202754,322.4195801386771,248.3290724555857
247.4411167548813,332.6638065713023,305.6201792641633,345.7925157748729,333.64283624579633,262.82791015392803,351.70828679509265,310.4736386643616,315.5775699667266,362.3156714684136,242.70160855003638,330.2844568446402,349.53607327288154,317.5410497917327,322.2448444420426,247.79242259202408
248.28719122822494,333.42665611831944,306.0468696991559,346.0079174183777,333.49544551352835,261.94392649884395,350.9227596661627,310.19090119443143,314.68366326304107,361.95967958419175,241.57893043038143,328.91757642195716,348.85870086093774,317.2230654299113,321.5056996867843,246.85490402948102
249.21640884555245,334.33814611786124,307.1085169695182,347.2727251638916,334.00034343760075,262.2738513551932,350.99328895929546,310.42805387194096,314.8548112772117,362.8286925439552,241.60686209789566,329.63091334978037,349.12042578157104,317.78160938506625,321.7896046407654,246.79203338598847
248.6294864039429,333.9914314813419,306.61441611794595,347.03203280854115,333.385404140092,261.4322228115632,349.9050096622718,309.5196394300093,314.8401891713206,363.13636539039135,240.82604384555015,329.5993804770575,349.08275323725985,317.9499933412419,321.261073389156,245.77763822848948
248.70322391049942,334.8447816759122,306.5159247503894,348.0011369661451,334.33395386365686,261.5280181051985,350.49449322132756,310.05865148527045,315.20375182525254,363.47127346602446,240.78870274968838,329.35187939869377,349.1815057818345,318.7881459503757,321.4693406564638,245.91891489389988
248.04137472687586,334.999881906921,306.4197258102403,347.8324346421418,334.4785686355583,260.8787314911323,350.04003135426296,309.7412500548837,315.8868671467418,364.034592581859,241.23544032251297,329.57302734373786,349.2661100107235,319.27426759146294,321.0347964392118,245.8830196914824
247.87588131985473,335.5074387978476,306.58485591802327,348.20189183443,335.5480100333296,261.69214707990307,350.25225462069113,310.73097946903215,315.7203868805404,364.5463898678127,241.1812846258368,329.5100035321253,349.8722289071306,319.9585743249671,321.24927442926116,245.32189491678625
247.97512377777846,336.18632091609334,306.5716999621573,348.76031438000905,335.241727409586,261.0340347808683,349.2262903560949,310.2999865590753,316.3612247321276,365.3960113599368,241.45145425496443,330.2466190357879,349.2835945541584,320.46088181281976,320.84633411230277,244.50215644094192
246.42119007349422,335.61701304042924,304.8725225013988,347.8911769466251,336.7255024092063,262.3067218728148,349.6217159229338,311.97231363597507,315.3253227724452,364.47703754077105,240.0587246634071,328.9157941865662,349.12092658834615,320.6581400746137,320.46810919984404,244.3962469572345
245.12066061863337,335.3675311171151,304.5912477326547,347.93932032084564,337.5979850795836,263.2644389342568,350.0166660711114,312.9481704515098,315.8912381652515,365.5729103383213,240.88762927042407,329.3467252078198,349.4088446029366,321.75902037812733,320.73610536891425,244.64252845267737
243.91341764709077,335.0540953970513,303.637847970753,347.12332633577586,338.0679214120442,263.491280921776,350.173924000079,313.57930551943866,315.0352363392239,364.9635634426567,240.14782399865857,329.10097455168,349.6719890273134,322.41020242605697,320.74141747383163,245.19450651194018
243.80379488835135,335.54416379924555,303.17445740712833,347.34784682222187,339.24078504642415,263.7004010415093,350.72707618213434,314.6590744662602,315.30144281239814,365.1598031167748,240.31733020609545,328.8965285024333,349.91577682773976,323.047936128446,320.5089866744253,245.1975883276096
241.15604853292422,333.8410237025014,300.9420857029419,346.17668519342027,340.04230501403,264.0218145865652,351.35286523106635,315.11215511867704,314.3395834958819,364.9846816678604,239.7282885811175,328.43526811815593,349.2044359978172,323.3017606469731,319.8771042075883,244.33156162159517
239.85071230044306,333.63267005790647,300.2919285080218,345.4927758946914,340.1729897820293,263.4376198115713,351.1020615624205,314.8018429147825,313.91666475712225,364.5875835717885,239.1108716442424,327.99561103894916,350.1592297245417,325.0336201849943,320.4224712029906,245.04963177447073
238.96118498277957,332.64568415901476,299.22721446513026,344.7726346975133,339.91317890552307,263.0635124809271,350.71161709421153,314.3587439311456,314.17689044455057,365.0409404637012,239.61755656067118,328.15477943681856,350.2850192327555,326.3082090035182,320.57283132885266,245.43806089791528
238.14068991178172,332.6116898551867,298.4974800061513,344.49074078117263,340.50437525193047,262.97449424892017,350.76395777443764,314.4622112599936,313.18848913464586,364.6005006356126,238.99162438517806,327.3302097299663,350.60292194244425,327.40191166039733,320.6333578585031,245.72882783878157
237.1864974803073,332.1248176382713,298.0256746714686,343.733434335385,340.2084626426258,262.11538397692084,350.5148880585534,313.9439015321013,311.7481895162468,364.10050173172954,238.2840005484619,326.91496558404185,351.0478847537781,328.1675673733582,321.2263405122414,245.95705173246452
235.84017992838926,331.2679690137832,296.3885447669598,343.02350694571453,340.61384085408287,261.9248940584412,350.4698940281863,314.1727671979049,310.9418143203022,363.81122582106514,237.3571999663248,326.4900745524765,351.51517313179846,329.8514184897787,321.8249345461253,246.68763935459666
235.40968458558874,331.0705486735066,295.99937131909877,342.6803707148843,341.18269092733595,262.09057732432325,350.8408068834628,314.2133362727308,310.13351819241024,364.25603643532224,237.52097064130038,327.26082937255563,351.6180130724916,331.07306506598513,321.7023236110985,247.05290951069279
234.6133878345884,331.22466227119355,295.9631162926518,342.4374623928695,341.059572641112,261.3845198588709,350.7540996648559,314.0097749202003,309.2467716178949,363.8098413855324,237.01524272068346,326.4343566407179,351.4028055913072,332.36010595396937,321.8401607478442,246.88910006717566
234.75070834511604,331.56157964659474,295.8862935561676,342.3550344996,341.6481072857377,261.5159256994823,351.2405801572416,314.54847373805046,309.4396746695026,364.141062540495,237.3586077923676,327.23798776012444,351.24267983856726,332.9413979010831,322.00704943609645,246.45109053370544
235.66989194702683,332.6368295005501,296.8516441901866,343.35324613691785,341.6833858625283,261.21317519056106,351.53547933930014,314.5902467559068,310.30740462217585,364.483355455649,238.41822236187426,327.5488519624675,351.5870815296982,334.080995889598,322.0720131586917,246.67107949367463
235.58417124458302,332.7624020580036,297.0316959531291,343.18782718468594,342.19863545853684,261.137790116835,351.84044107339236,314.78557979417957,310.6502060443836,365.0525377117107,239.0484622699422,328.0992655188179,351.90909823032325,335.41211869272655,322.27829722838857,246.93393299230155
236.0388967209392,333.0358437900552,297.23604628096143,343.56643652256923,342.5555332639435,260.6519263920922,351.9443927756885,315.18727419780197,311.41096113591846,365.80388397980073,239.28336425027786,328.69443403216746,351.79016337675284,336.5318283772631,322.4049503906206,247.08754369367225
236.05341394583422,333.27196883667705,297.09685211749854,343.72007883942115,342.72644596071945,260.4727804936296,352.5785316442316,315.54089712888566,312.7155146314263,366.6058432711301,241.02949803418062,329.59340077602945,350.97524821018396,337.4004789633879,321.7563792063798,246.72989009404458
237.23064187529255,333.6947998430084,297.69888097031355,344.01754305273704,342.3054538345348,259.38094067787966,352.1461061437717,315.15894869467087,313.3775025767536,367.29619847200615,241.7011666660832,330.1775071191415,351.78924709037244,338.7851569747887,322.3389503646102,247.31486785078306
238.7415601558958,335.0616380497226,298.78606874977794,344.8087908958378,342.91073539126006,260.10072765081327,352.908530030366,315.8897669780405,314.80576700661726,368.1739180823897,243.09957195538988,331.075447166865,351.78259592864543,339.65300555384823,322.22607820670595,247.99708196196173
239.49290654049855,335.9219670212144,299.5339611722309,345.33994426713343,342.8592368782371,260.1597209258988,353.7783000971592,316.73420572399493,316.0344173256651,369.10326666456405,243.89367448214782,331.94288387122776,352.9635901990597,342.2155445508469,323.59809496321384,249.2524406852858
240.54207977264159,337.1996163819199,300.24542863984766,346.2987482555518,343.2631270035591,260.374079161462,354.2133378932562,316.8975741676808,317.1770392068491,369.7411723117417,244.8552821946205,332.43306988788686,352.57596679481156,342.49579524936337,322.96527874126497,249.2876718426774
240.93185786292054,338.0212870324535,300.3806690119079,346.56908958029163,342.482632828782,259.4624422336193,354.2837876625943,317.11650620697645,319.05318331370023,371.3348989177408,246.3508259842146,333.9773610724778,354.3116961895595,344.9531351458318,324.5955708004656,251.31792436275308
242.57937243135956,338.94406252848216,300.781329160704,347.2631105161114,343.17105411980145,260.5960130328582,355.1618550987121,318.36279036318444,319.92054736748474,371.9706374416999,247.23536489422375,334.6292433004153,355.57136848811194,346.1210379848584,325.7852809668741,251.5739556875674
243.84055603364973,340.3741702782395,301.1164409256163,347.96449450994777,343.89833213357474,260.8798473278893,356.25462631943645,319.3991465321474,320.88055780116264,372.94901080846154,247.47104577998059,335.3686745531744,356.85538593134584,347.24353326796506,327.18185678806253,252.26781351746922
243.91174097671077,340.8538340286708,301.43540617232657,348.481511666503,344.5664160583459,262.0699349306003,357.52270999392874,321.1023294192159,322.08735457608157,374.09303215503974,248.42762544313018,336.6535113552309,356.9862950246219,347.78786315404477,327.4688948543817,252.44076169158382
245.32005562806012,342.1710357575915,302.15667631786243,349.2978754414716,344.89235670898165,262.1447458870966,358.485156882002,321.9596533680133,323.16716997036514,375.0230083689218,249.9221029502265,337.47135692155655,357.067202097713,347.7528202509826,327.62077436166,252.3614983085312
245.87696349479927,343.12220471735515,302.5374808186022,349.6726821618489,344.8611446130007,262.2451297239294,358.70872852213193,322.3504021134316,323.14808211640377,375.32608341142515,249.65957747783372,337.5283988225453,357.22938656290034,347.7020140635132,327.41589298152115,251.9462190323579
246.16185654132437,343.1241332705856,301.81356050509385,349.8799281353742,346.142216233034,263.48671331225665,360.34109280467334,324.01245936091885,323.0644912149697,375.47887047508647,248.9665875075255,337.87693788054565,357.73267906196656,348.62953867857186,328.04289093764527,252.5988344023481
245.60308070722692,343.0528177988747,302.2102551712009,349.62925444564877,346.2380977036777,263.0916804802926,360.8440028664407,324.4209141284859,322.92429699374895,375.295833367336,248.33444299716254,337.67461453216305,358.38406975481155,349.6238894939601,328.6351911617599,253.43582005018544
245.95941501674795,343.3275875226918,303.0796890186607,349.93255728061206,346.512799638501,264.03273991125815,361.4543458385041,325.31389692999664,322.82072760530565,375.7224264706682,248.41845521105503,338.32880329320983,358.65252445532894,350.16614091715866,329.1163963066181,253.6271259387887
244.75824037486285,343.44240835412086,303.4680107542354,349.84265614565766,347.60246852969794,264.6305955882211,362.7419078594746,326.81409763309733,323.40698572609756,376.3521801249263,248.73427015424096,338.7445201606176,359.34092187839514,350.74063607894163,329.41533646093507,253.87566457636183
243.14887423352863,342.58459277168294,302.51972666422364,348.6543373165253,348.1945049549481,265.6155859266128,363.7311328594737,327.9984079704642,322.9735570544154,376.0724110439638,249.1742837052677,339.08959805080764,359.72747848642507,351.517200061078,329.83792498443074,254.69180237493302
242.73345504334085,342.50509473569207,302.43555357590066,348.56104704202477,349.0592813760274,266.8931278627426,365.1879569251907,329.6478166231733,323.7172358035422,377.03945093393673,249.67004092095138,340.2051900809503,360.7222725754469,352.50988995446255,331.21519668376953,255.40289429296118
242.26205446196477,342.4396729380144,302.1236258960661,348.51246739412903,350.53189531586264,268.02101781011334,366.65227553777544,330.89307354223433,323.1217306274401,377.06236095510707,249.25745677529184,340.41729894859395,360.53391825485943,352.21517095304006,330.983523237806,254.82626545591668
242.246129450896,342.43492228365466,301.7829005348633,348.1233963835684,351.3752324506919,268.8638969056679,367.60000625889126,331.95981823642416,322.77347968436834,377.2487929003896,249.5315168417965,340.69835127126765,360.89468218582186,352.27442387619084,331.2467588723584,255.08732865366625
243.5407925076621,343.5548291979184,302.93029874479214,349.42262745319516,352.68329994659376,270.04271743543205,368.5794780320053,333.3702817700923,322.48615261374147,377.5092225731559,250.08495454372752,341.1254763826203,361.46561444158453,352.16966057546466,331.5739715793757,255.44206663486528
243.87512167502655,343.92467178677634,303.32618933363415,349.5660394297049,353.6471076556399,271.49088848583625,370.0201905466429,335.09740314917457,322.8898050549016,378.06403825427265,250.2429388758286,341.73825275177813,361.7794230814399,352.2104347040789,332.05774764971926,255.0530741055287
245.41718571628832,344.82821653030845,304.12577848280336,350.5089945182273,354.0710441685071,271.8125560179841,370.76052890282466,335.07771717245265,322.06032459300815,377.83386212966707,250.50670851609067,341.3717524711645,362.0642434220348,352.61662630244285,332.39476802692883,255.60183514224715
246.38821859430308,345.7378692085888,304.8995652216726,351.3861876505246,354.6333734546327,272.3476107896309,371.5575608257336,335.929123648855,321.73287599639355,377.4632043398073,249.8511243375614,341.2827772581024,363.15672639659783,353.24234265609965,333.8431586532442,256.52752109378514
247.98399696045942,347.30925457385143,306.8605819940794,352.9017523430426,355.06813229997255,273.1124523293076,372.1075666232357,336.26880872649633,322.43453954556935,378.0203609583326,250.73873349444474,341.5811268109383,363.14470485016915,353.11842091667944,333.8610510905155,256.81762531022616
247.6819662797126,347.2820583560536,306.80960233538855,353.20283142605035,354.79911436807237,272.9489564367829,372.0972859503476,336.4880285604342,321.9359247452683,377.87851170366747,251.43356923536416,341.6520420496038,363.0920525563684,352.9678801598087,333.970775743683,256.85204420219037
249.35954161055827,348.5646309021245,308.81365597041287,354.6375923108732,354.88721555308325,272.4534846151941,372.246668957127,336.2274489258808,322.01411041631354,378.0688678275282,252.37146828995697,342.15511510458424,363.61478137137766,353.0961551005953,334.7186704096238,257.6863024532958
250.4374100521363,349.4828191313524,309.68149791418926,355.57977120864194,353.9990905557783,272.6482626349068,371.90899527467974,335.98396970793533,321.51386093493096,377.8160994938791,252.65340259067995,341.939330090799,363.6658243228635,353.16062137543787,335.3155943684991,258.3096525961948
251.31832273616973,350.5571818781973,311.2098501914184,356.9709275038621,353.01785529056855,272.4821514066437,371.011029558041,335.23981587148126,321.9785711421497,378.1226953689523,253.62797047415273,342.59552992563675,363.66451025628834,353.2293163937044,335.0663638731591,259.13152549789004
253.9032286773621,352.19832206040104,312.84933220060515,358.7993694664755,353.0071878369828,273.1425333284467,370.9837629791635,335.24134222968945,321.6651964790353,378.281303542455,254.5359051535637,342.9787975782422,363.9706071742572,353.1935163325037,335.2697956304226,259.89829195379366
254.7815219694559,353.4005610209504,314.4527435978676,360.42527297228514,352.2117099859898,271.95703778677506,369.8246664228233,334.0584920950632,321.4102215361235,377.8537179071034,254.58717435855272,342.79650695930945,363.57923066158384,352.4577102859871,335.5602457637071,260.79020323963175
256.2141688489281,354.46971286519215,315.9810379718065,361.82605110510684,351.62962741973723,271.96203406792085,369.4979622156056,333.6077556284629,321.4955119851986,377.92564230041586,255.50179926333269,343.0116120679058,361.95804388268175,350.86614769963853,334.17790608550723,259.76270867909375
258.62009036338134,356.5866463236277,318.7123011028454,364.2674692579752,350.9876239591629,271.6937350433445,368.61908918591456,332.3405153158408,321.1638300790309,377.5015655762949,256.12777898719656,342.7511188312259,362.4410401066299,350.6430811149203,334.86466608385564,260.5766148935562
259.92367095185733,357.27086719811933,320.0384564414008,365.48475290960846,351.4269410148453,272.04568083507843,369.2109893655977,332.752130127902,320.7226828618203,376.79146746516477,256.56328770036095,342.47557011079516,361.534530926047,349.5940676408587,334.43856488474114,260.83858115984555
261.6327389353487,358.6540429770274,321.93234711246805,367.0048940370808,351.580063657968,272.3600204294564,369.4353062336173,332.67944466430197,320.8206432416158,377.0415340439862,257.5930371393306,342.65646171128554,361.0224026389146,348.6628798499883,334.6179111549371,261.37416396513294
264.002025957321,360.3785711625478,323.8865267618601,368.6810105785755,351.9035933280522,272.58156114618936,369.0185056888841,331.9122678246396,320.29733508592767,376.05364888950714,257.7124702527021,342.0860035532544,360.3486473021962,347.4171771374484,334.4165301335403,261.56431650329165
265.7217649861755,362.0765542015676,325.37578267939705,370.3122009611796,352.86933449531904,273.3107119145265,369.31335489461907,332.5901850695887,320.0644334980542,375.3865327433719,258.6215030264792,341.50638260375126,359.6146535418357,345.97528879010315,334.0878357422565,261.2596384040245
267.180237023476,362.78577392491076,326.1484824607285,370.7690025537525,353.4993910171063,274.3227256605432,369.51176425916105,332.80339341088535,320.72484901271014,375.5266048659809,259.9954242030092,341.8904948340723,359.0309918091752,345.0864173484747,334.1068867168755,261.5625284026279
269.35409066147434,364.26750371916626,327.08276749363733,371.4643172827293,354.3404827936656,275.0575706518571,369.88196829817264,333.27103650991387,319.98541101270223,374.6402422154528,261.09568445372184,341.51822818309086,358.99401796486444,344.0410859853417,334.531206900157,262.6854364739515
270.9196728475189,365.3783009600664,327.96476298090306,372.17148768665686,355.6036190923598,275.96868836421925,370.3139303509239,333.5492680314068,320.6134475241745,374.7954806602558,262.2861130893965,341.6972274548503,357.8633941922029,342.5589052991504,333.7719218380831,262.59288044574134
272.18726984583486,366.19617612980454,328.5657280120831,372.86717419809247,356.31606520185,277.3102566160416,370.7598717814318,334.1197406888621,320.4546182340662,374.4362125916803,263.27995036785154,341.74996379175747,358.3970060520205,342.16433209894643,334.70182913483205,263.6378856821106
273.4060220387178,366.7205126136797,329.39562746100825,373.51765031450816,357.2384475440133,278.46433422676705,371.23261282907345,334.251124830498,320.03741063178495,373.7940144946176,263.69787660713587,341.2887340152943,357.39470399237695,340.4868766189292,334.7409258790132,264.08197044152365
274.19838081868585,366.6427760734781,329.4181280536827,373.29521023638296,357.8286053129444,279.03161707564647,371.7151270841588,334.3376156299991,319.68397136890434,373.00626566512256,263.31838604387,340.91734199889356,357.3462834749343,339.6110589860971,334.9833794202391,264.6930993710448
275.2083712502049,367.5248152487276,330.0071304896138,373.82196636554943,357.58248821002695,279.0978198882284,371.16052303049236,334.03040411769297,318.8969034434749,372.80934942697,263.5496497471367,340.92940448343063,357.3986303694586,338.98420735971064,335.26753791175327,265.7776129688337
275.37334165812405,367.5284382535487,330.09255400140955,373.802311864348,358.4108792724648,279.9956609052161,371.21700040881973,334.064680863331,317.78788034623005,372.04970551696715,262.5345630263247,340.82350127338316,357.2166686605296,338.4807119603847,335.70006709801174,267.04391952964943
275.83503909880335,367.1234589250329,330.55899721692435,373.94709231182935,359.2052398203689,281.13118775995304,371.72160594628525,334.50119752986956,317.1750950857378,372.24534905672505,263.02949486507833,341.44483298436126,356.80696796711595,337.77651327708577,336.14581078692373,267.68863528038713
277.0422664964817,366.93334822360066,330.0992495919212,373.5702593941347,358.86555896747103,281.0151203381482,371.0398751685299,333.57377493126296,316.44602745475896,371.70549863230855,262.6485378624121,341.4628584617397,356.9814313440973,337.33107990009063,336.7361548967609,269.2000535692196
276.949178484227,366.6840015274244,330.05777366524205,373.5574688023788,359.15861839529856,281.73311661068834,370.6606016460825,333.13548111789635,315.7268176449466,371.3933655158571,263.3443503293973,341.668592686966,357.50621674365425,337.28631957598725,337.7623001128484,270.6745850142399
276.77896968516995,365.6619616137122,329.53904678203406,372.8898781779028,359.52567784982887,282.10646255520675,370.3159224449632,333.14855896111436,314.8287125575391,371.0877504733491,263.6668528926568,341.86482404541476,357.47331807667484,336.6454573057825,338.0016302460427,271.74823087317446
277.34075784433315,365.82148838553996,329.46849819430685,372.8780184215637,360.18315892587395,283.67434523010854,370.6196458740993,333.72571828076804,314.0056193647285,370.65176419405276,263.5855420025224,341.9034990037906,358.0557449856574,336.7728178292613,339.0041877097443,273.4305713394015
277.8529453127543,365.2100622865057,329.4273353257883,372.6928134732145,360.48758931998384,284.6853088809069,370.1551364362076,333.251787160205,312.761514323356,370.05041387750146,264.085336763321,341.6998900446977,358.08045487576237,336.2563702621879,339.6193042210484,274.24401078387
278.0440717937711,364.55054932626933,329.46598940803744,372.4535706778765,360.73889433988353,285.93190412669463,369.8993427200348,333.1366395339221,312.1053542856536,369.76901065927655,264.42090580032163,341.87035936357296,358.66999539613073,336.4733030192426,340.5582663900786,276.3747099423428
279.2940619040101,364.5966369170878,329.8017156670674,372.46530780059027,360.8455327696069,286.95914538424677,369.68111556388936,333.0269660165423,312.35601881753166,370.5017388614735,266.05916064790864,342.9736332058441,358.84490715141817,336.27801359581343,341.22440541880445,277.4032265627096
279.1719364939138,363.59593910545203,329.1878454479978,371.4254561346719,361.36965632770153,288.158759959486,369.6001875658602,333.35574074681216,311.7479084220629,369.8390058838815,266.5810083506322,342.7936374521536,359.3744209530969,336.3951547833347,342.5139600087832,279.6619470725488
279.3445870319279,362.5785135036678,328.875537091081,370.2941770088422,362.298321502286,289.8232228058952,369.760708487188,333.84118890507625,311.70307832855866,369.8988047096765,268.06427418054886,343.63631249207066,359.500218144933,336.1046525599682,342.7035775686361,280.04231214594176
280.03404151529037,362.0633999215658,328.61975233278764,369.9320308072691,362.83951456312474,291.81381351892963,370.00878906461566,333.966346365858,311.0078199630259,369.61109662176773,269.2098405871054,343.69492672200136,359.41157105272396,335.7559986124536,343.15464611174053,281.6737714913572
281.1098256191809,362.04299072913733,329.4381965872164,369.6641233714051,363.1600589448757,292.81082004856154,369.58755614275776,333.8156417024601,311.1622392332959,369.45815835679366,270.5122058345449,344.2057659873801,358.27038269431915,334.4892434832917,342.7740417297697,281.7150067204634
281.76250648586296,361.1949447574938,329.13626884272776,368.7947097780089,363.6998401342122,294.5682674941658,369.49544166746483,334.1544866397033,311.66784627295846,370.3102507902105,273.72341671637804,345.61886313464544,359.1208573307656,335.08048587304745,343.80926419197243,283.87838200065465
283.3250952123259,361.56085129525337,329.50079548211977,369.0407265281777,363.74965139843283,295.9175210392865,368.75248129844965,333.6925697476858,311.2788601121771,370.34513349746385,275.58144736283265,346.5590897172411,359.40090066961494,334.9440628902505,344.40361223175637,285.7055058380496
281.4204742507125,360.97053370027453,328.75755774612367,368.55122996849605,363.65455908342136,294.4581979217228,369.43845261915385,334.01974052322544,311.3428423555689,370.19524097642744,273.4555193663253,345.5678314328286,358.9387648033514,334.8872840577071,343.6359234981066,283.65143567035653
281.1098256191809,362.04299072913733,329.4381965872164,369.6641233714051,363.1600589448757,292.81082004856154,369.58755614275776,333.8156417024601,311.1622392332959,369.45815835679366,270.5122058345449,344.2057659873801,358.27038269431915,334.4892434832917,342.7740417297697,281.7150067204634
280.00561631723775,362.091708296496,328.6213696562784,369.8642047191237,362.72275972977695,291.69923716928264,369.83824603217005,333.8953587451922,311.24297452189074,369.72845912663973,269.5506717088909,343.9244584038997,359.3088960173941,335.7719373828384,343.09097650363935,281.53306944381643
279.3445870319279,362.5785135036678,328.875537091081,370.2941770088422,362.298321502286,289.8232228058952,369.760708487188,333.84118890507625,311.70307832855866,369.8988047096765,268.06427418054886,343.63631249207066,359.500218144933,336.1046525599682,342.7035775686361,280.04231214594176
279.1719364939138,363.59593910545203,329.1878454479978,371.4254561346719,361.36965632770153,288.158759959486,369.6001875658602,333.35574074681216,311.7479084220629,369.8390058838815,266.5810083506322,342.7936374521536,359.3744209530969,336.3951547833347,342.5139600087832,279.6619470725488
279.2940619040101,364.5966369170878,329.8017156670674,372.46530780059027,360.8455327696069,286.95914538424677,369.68111556388936,333.0269660165423,312.35601881753166,370.5017388614735,266.05916064790864,342.9736332058441,358.84490715141817,336.27801359581343,341.22440541880445,277.4032265627096
278.0440717937711,364.55054932626933,329.46598940803744,372.4535706778765,360.73889433988353,285.93190412669463,369.8993427200348,333.1366395339221,312.1053542856536,369.76901065927655,264.42090580032163,341.87035936357296,358.66999539613073,336.4733030192426,340.5582663900786,276.3747099423428
277.8529453127543,365.2100622865057,329.4273353257883,372.6928134732145,360.48758931998384,284.6853088809069,370.1551364362076,333.251787160205,312.761514323356,370.05041387750146,264.085336763321,341.6998900446977,358.08045487576237,336.2563702621879,339.6193042210484,274.24401078387
277.34075784433315,365.82148838553996,329.46849819430685,372.8780184215637,360.18315892587395,283.67434523010854,370.6196458740993,333.72571828076804,314.0056193647285,370.65176419405276,263.5855420025224,341.9034990037906,358.0557449856574,336.7728178292613,339.0041877097443,273.4305713394015
277.141458384707,365.90604535730984,329.82075568101334,373.10527174693493,359.81601046763217,282.45123068124605,370.6406588669002,333.4970731260192,314.83647984532774,371.0838638544299,263.51924348220285,341.8604033593503,357.6044377568959,336.8533883077696,338.1587062569921,271.9379379624629
276.949178484227,366.6840015274244,330.05777366524205,373.5574688023788,359.15861839529856,281.73311661068834,370.6606016460825,333.13548111789635,315.7268176449466,371.3933655158571,263.3443503293973,341.668592686966,357.50621674365425,337.28631957598725,337.7623001128484,270.6745850142399
277.0422664964817,366.93334822360066,330.0992495919212,373.5702593941347,358.86555896747103,281.0151203381482,371.0398751685299,333.57377493126296,316.44602745475896,371.70549863230855,262.6485378624121,341.4628584617397,356.9814313440973,337.33107990009063,336.7361548967609,269.2000535692196
275.83503909880335,367.1234589250329,330.55899721692435,373.94709231182935,359.2052398203689,281.13118775995304,371.72160594628525,334.50119752986956,317.1750950857378,372.24534905672505,263.02949486507833,341.44483298436126,356.80696796711595,337.77651327708577,336.14581078692373,267.68863528038713
275.37334165812405,367.5284382535487,330.09255400140955,373.802311864348,358.4108792724648,279.9956609052161,371.21700040881973,334.064680863331,317.78788034623005,372.04970551696715,262.5345630263247,340.82350127338316,357.2166686605296,338.4807119603847,335.70006709801174,267.04391952964943
275.3945935615669,367.66838185151505,330.1994241374703,373.9398344335767,357.60848667570787,279.0965389385189,371.13576504578884,334.08654072006163,318.8540973198118,372.67574922229124,263.47185623383945,340.85743316910873,357.46142034232787,338.9543079176057,335.40325842665965,265.79931366381237
274.19838081868585,366.6427760734781,329.4181280536827,373.29521023638296,357.8286053129444,279.03161707564647,371.7151270841588,334.3376156299991,319.68397136890434,373.00626566512256,263.31838604387,340.91734199889356,357.3462834749343,339.6110589860971,334.9833794202391,264.6930993710448
273.4060220387178,366.7205126136797,329.39562746100825,373.51765031450816,357.2384475440133,278.46433422676705,371.23261282907345,334.251124830498,320.03741063178495,373.7940144946176,263.69787660713587,341.2887340152943,357.39470399237695,340.4868766189292,334.7409258790132,264.08197044152365
272.18726984583486,366.19617612980454,328.5657280120831,372.86717419809247,356.31606520185,277.3102566160416,370.7598717814318,334.1197406888621,320.4546182340662,374.4362125916803,263.27995036785154,341.74996379175747,358.3970060520205,342.16433209894643,334.70182913483205,263.6378856821106
270.9196728475189,365.3783009600664,327.96476298090306,372.17148768665686,355.6036190923598,275.96868836421925,370.3139303509239,333.5492680314068,320.6134475241745,374.7954806602558,262.2861130893965,341.6972274548503,357.8633941922029,342.5589052991504,333.7719218380831,262.59288044574134
269.36017046928407,364.31327237027295,327.13165078734636,371.5119159936847,354.33592730175616,274.881763186885,369.805345755283,333.1964805029756,319.77328116666763,374.5728127270904,260.6926372850466,341.3700750483221,359.00698162112064,344.1508871818272,334.50537336366096,262.7963476163165
267.180237023476,362.78577392491076,326.1484824607285,370.7690025537525,353.4993910171063,274.3227256605432,369.51176425916105,332.80339341088535,320.72484901271014,375.5266048659809,259.9954242030092,341.8904948340723,359.0309918091752,345.0864173484747,334.1068867168755,261.5625284026279
265.7217649861755,362.0765542015676,325.37578267939705,370.3122009611796,352.86933449531904,273.3107119145265,369.31335489461907,332.5901850695887,320.0644334980542,375.3865327433719,258.6215030264792,341.50638260375126,359.6146535418357,345.97528879010315,334.0878357422565,261.2596384040245
264.002025957321,360.3785711625478,323.8865267618601,368.6810105785755,351.9035933280522,272.58156114618936,369.0185056888841,331.9122678246396,320.29733508592767,376.05364888950714,257.7124702527021,342.0860035532544,360.3486473021962,347.4171771374484,334.4165301335403,261.56431650329165
261.6327389353487,358.6540429770274,321.93234711246805,367.0048940370808,351.580063657968,272.3600204294564,369.4353062336173,332.67944466430197,320.8206432416158,377.0415340439862,257.5930371393306,342.65646171128554,361.0224026389146,348.6628798499883,334.6179111549371,261.37416396513294
259.8217536118425,357.3290372110784,319.98400184900197,365.3400749751429,351.48330683376594,272.04210245061074,369.1854386486411,332.76223469902044,320.4699249372559,376.6533925918935,256.39783674738817,342.3357859970535,361.79588360375215,349.7475513660135,334.66238122825604,261.1692528436234
258.62009036338134,356.5866463236277,318.7123011028454,364.2674692579752,350.9876239591629,271.6937350433445,368.61908918591456,332.3405153158408,321.1638300790309,377.5015655762949,256.12777898719656,342.7511188312259,362.4410401066299,350.6430811149203,334.86466608385564,260.5766148935562
256.2141688489281,354.46971286519215,315.9810379718065,361.82605110510684,351.62962741973723,271.96203406792085,369.4979622156056,333.6077556284629,321.4955119851986,377.92564230041586,255.50179926333269,343.0116120679058,361.95804388268175,350.86614769963853,334.17790608550723,259.76270867909375
254.7815219694559,353.4005610209504,314.4527435978676,360.42527297228514,352.2117099859898,271.95703778677506,369.8246664228233,334.0584920950632,321.4102215361235,377.8537179071034,254.58717435855272,342.79650695930945,363.57923066158384,352.4577102859871,335.5602457637071,260.79020323963175
253.9146367045325,352.2476880196243,312.92290166492444,358.84214002440586,352.9362568135285,273.11664578006327,370.97137309052243,335.15831103834626,321.5036161533201,378.10913956503987,254.22194043758338,342.6389059714975,363.90070986927145,353.1835579106345,335.0758908879965,259.8061644936687
251.31832273616973,350.5571818781973,311.2098501914184,356.9709275038621,353.01785529056855,272.4821514066437,371.011029558041,335.23981587148126,321.9785711421497,378.1226953689523,253.62797047415273,342.59552992563675,363.66451025628834,353.2293163937044,335.0663638731591,259.13152549789004
250.4374100521363,349.4828191313524,309.68149791418926,355.57977120864194,353.9990905557783,272.6482626349068,371.90899527467974,335.98396970793533,321.51386093493096,377.8160994938791,252.65340259067995,341.939330090799,363.6658243228635,353.16062137543787,335.3155943684991,258.3096525961948
249.35954161055827,348.5646309021245,308.81365597041287,354.6375923108732,354.88721555308325,272.4534846151941,372.246668957127,336.2274489258808,322.01411041631354,378.0688678275282,252.37146828995697,342.15511510458424,363.61478137137766,353.0961551005953,334.7186704096238,257.6863024532958
247.6819662797126,347.2820583560536,306.80960233538855,353.20283142605035,354.79911436807237,272.9489564367829,372.0972859503476,336.4880285604342,321.9359247452683,377.87851170366747,251.43356923536416,341.6520420496038,363.0920525563684,352.9678801598087,333.970775743683,256.85204420219037
247.98399696045942,347.30925457385143,306.8605819940794,352.9017523430426,355.06813229997255,273.1124523293076,372.1075666232357,336.26880872649633,322.43453954556935,378.0203609583326,250.73873349444474,341.5811268109383,363.14470485016915,353.11842091667944,333.8610510905155,256.81762531022616
246.38821859430308,345.7378692085888,304.8995652216726,351.3861876505246,354.6333734546327,272.3476107896309,371.5575608257336,335.929123648855,321.73287599639355,377.4632043398073,249.8511243375614,341.2827772581024,363.15672639659783,353.24234265609965,333.8431586532442,256.52752109378514
245.48076361743267,344.7179074330369,304.058411077165,350.5717762094966,354.051246999696,271.7471591673699,370.74680076510066,335.0090326924342,321.7593074911017,377.55001575978565,250.00568872003078,341.03587217567997,362.0301264289597,352.6799273536977,332.3763946225585,255.4984506469026
243.87512167502655,343.92467178677634,303.32618933363415,349.5660394297049,353.6471076556399,271.49088848583625,370.0201905466429,335.09740314917457,322.8898050549016,378.06403825427265,250.2429388758286,341.73825275177813,361.7794230814399,352.2104347040789,332.05774764971926,255.0530741055287
244.08187469721491,343.8608678959502,303.29650778158174,349.79325806912976,352.8278438609636,270.25468831672634,368.71700301522566,333.59916913395483,322.6468878785056,377.60561977072956,250.26214065697792,341.3385228566811,361.29063701368887,351.94343218469544,331.40558451453177,255.11872933129663
242.246129450896,342.43492228365466,301.7829005348633,348.1233963835684,351.3752324506919,268.8638969056679,367.60000625889126,331.95981823642416,322.77347968436834,377.2487929003896,249.5315168417965,340.69835127126765,360.89468218582186,352.27442387619084,331.2467588723584,255.08732865366625
242.26205446196477,342.4396729380144,302.1236258960661,348.51246739412903,350.53189531586264,268.02101781011334,366.65227553777544,330.89307354223433,323.1217306274401,377.06236095510707,249.25745677529184,340.41729894859395,360.53391825485943,352.21517095304006,330.983523237806,254.82626545591668
242.73345504334085,342.50509473569207,302.43555357590066,348.56104704202477,349.0592813760274,266.8931278627426,365.1879569251907,329.6478166231733,323.7172358035422,377.03945093393673,249.67004092095138,340.2051900809503,360.7222725754469,352.50988995446255,331.21519668376953,255.40289429296118
243.1367914522602,342.5977403782201,302.59126178379165,348.69026291847484,348.22279525199116,265.58851651063276,363.72182390768955,328.01851522935056,323.11869702324884,376.2626964760774,249.3021987023011,339.2188984488445,359.77668437811377,351.61786566055576,329.923245168477,254.74632829185643
244.75824037486285,343.44240835412086,303.4680107542354,349.84265614565766,347.60246852969794,264.6305955882211,362.7419078594746,326.81409763309733,323.40698572609756,376.3521801249263,248.73427015424096,338.7445201606176,359.34092187839514,350.74063607894163,329.41533646093507,253.87566457636183
245.90176461841136,343.22389559968104,302.90354384051085,349.95987544106214,346.62223860188845,264.1670064290796,361.5325916315591,325.50289557420064,323.1694733981813,375.9432030615016,249.00380712714949,338.6072092571298,358.7284481011896,350.27329369935313,329.16248146848966,253.68844419107575
245.60308070722692,343.0528177988747,302.2102551712009,349.62925444564877,346.2380977036777,263.0916804802926,360.8440028664407,324.4209141284859,322.92429699374895,375.295833367336,248.33444299716254,337.67461453216305,358.38406975481155,349.6238894939601,328.6351911617599,253.43582005018544
246.16497708144172,343.1331769955851,301.92382299844456,349.8328221548081,346.0780943121732,263.444804159013,360.2644920339496,323.9959266470345,323.3487829487349,375.75154667089566,249.18879458770962,338.13446169332144,357.41456191939653,348.1839913447784,327.69338712886235,252.12856914951516
245.88364998239234,343.00939022121173,302.5255736112662,349.6195453340823,345.0435024821859,262.42617033010697,358.8601996623812,322.5095478804812,323.2283855418705,375.4170234862321,249.7095403767321,337.6367471295455,357.62245331443063,348.08927076816616,327.85287037675863,252.5120928546966
245.43332581945103,342.266007965423,302.2306218672202,349.39273959713006,345.04882579518124,262.1607146367888,358.50297394284826,322.0361667490574,322.6100543632095,374.64405321514096,249.33040325467013,337.08538299447633,357.25288646668884,347.93800614074564,327.8041084385135,252.67193040841812
243.91174097671077,340.8538340286708,301.43540617232657,348.481511666503,344.5664160583459,262.0699349306003,357.52270999392874,321.1023294192159,322.08735457608157,374.09303215503974,248.42762544313018,336.6535113552309,356.9862950246219,347.78786315404477,327.4688948543817,252.44076169158382
243.84055603364973,340.3741702782395,301.1164409256163,347.96449450994777,343.7183527220568,260.7334095650658,356.05617311343923,319.2335808127226,320.9701034984242,372.9499751979396,247.53091856187393,335.4098306854055,356.7359806251673,347.23783936538877,326.98882199988157,252.10874436234036
242.7498737784682,339.1365384113499,300.8441672028871,347.45793444758505,343.1971820878734,260.7673772288097,355.19163940126265,318.4465126825147,319.73449823036185,371.76559774924056,246.90217847252353,334.41747872512184,355.54339345822257,345.96560207886836,325.77103942383127,251.46849955212238
240.93185786292054,338.0212870324535,300.3806690119079,346.56908958029163,342.6336272963875,259.68553502965887,354.36040479434087,317.2866558007601,319.1074119857809,371.3857311770403,246.18732387197775,333.8495641585226,354.17541541960196,344.8749549881992,324.595228149526,251.07285718403645
240.54207977264159,337.1996163819199,300.24542863984766,346.2987482555518,343.2631270035591,260.374079161462,354.2133378932562,316.8975741676808,317.1770392068491,369.7411723117417,244.8552821946205,332.43306988788686,352.57596679481156,342.49579524936337,322.96527874126497,249.2876718426774
239.49290654049855,335.9219670212144,299.5339611722309,345.33994426713343,342.8592368782371,260.1597209258988,353.7783000971592,316.73420572399493,316.0344173256651,369.10326666456405,243.89367448214782,331.94288387122776,352.9635901990597,342.2155445508469,323.59809496321384,249.2524406852858
238.81361913511967,335.1474338808128,298.91602539252307,344.80793685657244,343.0321588814903,260.14199080536804,352.9744479033753,315.908172617256,314.9937840314959,368.4098742540975,243.27836693811093,331.24851056900513,351.8116264549019,339.66873975121064,322.2713469302088,248.2014228813174
237.23064187529255,333.6947998430084,297.69888097031355,344.01754305273704,342.3054538345348,259.38094067787966,352.1461061437717,315.15894869467087,313.3775025767536,367.29619847200615,241.7011666660832,330.1775071191415,351.78924709037244,338.7851569747887,322.3389503646102,247.31486785078306
236.05341394583422,333.27196883667705,297.09685211749854,343.72007883942115,342.72644596071945,260.4727804936296,352.5785316442316,315.54089712888566,312.7155146314263,366.6058432711301,241.02949803418062,329.59340077602945,350.97524821018396,337.4004789633879,321.7563792063798,246.72989009404458
236.0388967209392,333.0358437900552,297.23604628096143,343.56643652256923,342.5555332639435,260.6519263920922,351.9443927756885,315.18727419780197,311.41096113591846,365.80388397980073,239.28336425027786,328.69443403216746,351.79016337675284,336.5318283772631,322.4049503906206,247.08754369367225
235.6102899142255,332.897808487839,297.1294071348025,343.3196890421561,342.00581992325334,260.7280254203407,351.67751376827584,314.547485659992,310.9426824938586,365.3281037914943,239.48271933035818,328.47142477658645,351.96700826280306,335.5394868225354,322.409871898945,247.05290171402459
235.64533111527794,332.6299586409777,296.8805265086133,343.3849152451312,341.5870502125546,261.1760294239679,351.3980546392022,314.4805041951696,310.41678597765434,364.69829439126795,238.62983056646283,327.7926920873671,351.6631686420505,334.0269148516177,322.05831869836857,246.7523268141386
234.75070834511604,331.56157964659474,295.8862935561676,342.3550344996,341.6481072857377,261.5159256994823,351.2405801572416,314.54847373805046,309.4396746695026,364.141062540495,237.3586077923676,327.23798776012444,351.24267983856726,332.9413979010831,322.00704943609645,246.45109053370544
234.88207397211664,331.2637468825747,295.9676030035942,342.59104662368674,341.18222381647576,261.4901918532996,350.7696272820514,314.0960851494026,309.3314626634906,363.9109773614736,237.151755162688,326.4552310336935,351.4783235770169,332.37558319939313,321.90940872764094,246.9979262595094
235.86276258465782,331.26840609149474,296.32312753299846,342.95603584289927,341.08323697309686,261.9666303151494,350.73103685854915,314.1349428570821,310.0464450313895,364.1483252673553,237.3584283709169,327.1332571720395,351.56858353392846,330.90364451226515,321.63360762092907,247.0188183956341
235.84017992838926,331.2679690137832,296.3885447669598,343.02350694571453,340.61384085408287,261.9248940584412,350.4698940281863,314.1727671979049,310.9418143203022,363.81122582106514,237.3571999663248,326.4900745524765,351.51517313179846,329.8514184897787,321.8249345461253,246.68763935459666
237.07304531059054,332.02344185582547,298.01407914538396,343.7630439489834,340.264441037846,262.0516993460811,350.57157239000514,313.9743084152355,311.5845776147968,363.93352511008726,238.01050597189533,326.76306003551366,351.1497187516655,328.2843510078464,321.39262859962116,246.16840154906672
238.36408842433715,332.72778770644015,298.6334772154654,344.63782740162367,340.49790089112486,262.91410016195385,350.79282707031865,314.4176872391079,313.0981072312433,364.49335013382534,238.97664068549352,327.28837710912,350.6622870201997,327.53086533861136,320.8135836179119,245.7948796964134
239.05533538234047,332.79814310512415,299.2338330279204,344.79958779104214,339.9695878375004,263.04991146389114,350.70122588811483,314.3189466547932,314.1400663175841,365.0404595249873,239.49590900137977,328.1934757820313,350.6353838577255,326.5643436686225,320.89504080829283,245.7440272689183
239.85071230044306,333.63267005790647,300.2919285080218,345.4927758946914,340.1729897820293,263.4376198115713,351.1020615624205,314.8018429147825,313.91666475712225,364.5875835717885,239.1108716442424,327.99561103894916,350.1592297245417,325.0336201849943,320.4224712029906,245.04963177447073
241.4824716664664,334.03811829231114,301.10177841807075,346.2736803512993,340.00028796143744,264.031567616654,351.4258948683884,315.14616409630474,314.13511769066315,364.85675351782527,239.48472640993938,328.3120839970839,349.20465165021704,323.4185041628551,319.9212583024753,244.3440775147061
243.84647510024695,335.4374504184606,303.1078593068046,347.26097503699015,339.21074072934357,263.7608658709972,350.75195927387335,314.71768389395675,315.1795762976959,365.16530267019283,240.26891651187864,328.76015695950446,349.6186879256557,322.7761188290268,320.14395081552425,244.78088146294564
243.98028590738065,335.054693433579,303.64290833454726,347.1335762786977,338.10440284884265,263.55316081549483,350.2913921873406,313.69470853017793,315.02697424909974,364.920235058961,240.04407760007948,329.03828427332365,349.8932590808185,322.67750330306853,321.0059819522627,245.3773998133132
245.4498972055021,335.57444009181927,304.77053907759426,348.10704944131345,337.4710438027177,262.98833485672367,349.96086896183243,312.776369025785,316.0275639903589,365.70923048709153,240.935644289841,329.48241179894967,349.28710427399716,321.68287370604105,320.6761003138929,244.4849040009347
246.42119007349422,335.61701304042924,304.8725225013988,347.8911769466251,336.7255024092063,262.3067218728148,349.6217159229338,311.97231363597507,315.3253227724452,364.47703754077105,240.0587246634071,328.9157941865662,349.12092658834615,320.6581400746137,320.46810919984404,244.3962469572345
247.6480247514887,335.9397166892852,306.3333305999304,348.54101807245564,335.25238098880055,260.9952589818029,349.20541056691644,310.2422755075541,316.2917101783898,365.38195007946206,241.40977531086347,330.1066610260392,349.3719748825361,320.5709545198892,320.90678764082236,244.75277021999045
247.62063326925053,335.1952218337414,306.3502709127497,347.9969152253138,335.47593089654055,261.64598622292453,350.2127342553277,310.7113197937074,315.56548661162515,364.33870125710934,240.95150383934825,329.5134887531704,349.8407979185344,320.03246152893087,321.26398609222844,245.43504503411725
247.86844143220543,334.8364815133858,306.3849451747353,347.6740156463718,334.2936287058111,260.70608819547493,349.86131420420713,309.51836430855553,315.87518438408466,364.09097720520936,241.0540819667783,329.52810187488564,349.3071219547747,319.15377576838324,321.01710997036224,245.81383148516377
248.70322391049942,334.8447816759122,306.5159247503894,348.0011369661451,334.33395386365686,261.5280181051985,350.49449322132756,310.05865148527045,315.20375182525254,363.47127346602446,240.78870274968838,329.35187939869377,349.1815057818345,318.7881459503757,321.4693406564638,245.91891489389988
248.62952644127498,334.0127079739862,306.71771491009036,347.0557017824982,333.3761300680286,261.2622913840523,349.83058240906644,309.4255647657892,314.7921155278089,363.12386041266075,240.77308219400996,329.5365116935023,349.00281886724554,317.8379590415036,321.0974422893125,245.50441779774997
248.59847497673482,333.95768639340395,306.6679279975315,346.8393871080341,334.0681253756628,262.2762282948528,350.9776123607046,310.41677569572545,314.85731937577276,362.84776795962864,241.59734395591687,329.7016500595973,349.19539913655615,317.697533848451,321.79137945072165,246.69378775050475
247.73229210603657,332.9722532942669,305.63188504169074,345.70864666323286,333.28263120970934,261.7314762199949,350.7811706532853,310.0082360004696,314.78583658705764,362.0752295568107,241.74775246810717,329.06278463856194,348.8700598121306,317.1990300593079,321.4456367016919,246.7440584633058
247.44842744934678,332.62764672578874,305.5688735264019,345.74867269359396,333.6274561166945,262.89210929682247,351.76077229661826,310.4877704634405,315.63446705468283,362.33988479195597,242.83443460904488,330.29981916729446,349.6299813885502,317.5487778460347,322.26430054203246,247.79923889515106
247.17788253645097,332.1087619650333,304.9006199587038,345.4691856304821,332.95933233745956,263.10842644199914,351.2903611487955,310.34243787240393,314.83142176345183,361.6987630765523,243.0772032736511,329.8606375551153,349.848516051104,317.4212603922812,322.5192190414356,248.2609180306457
246.61845398973975,331.47179592507365,304.45612209395784,344.52411483288364,332.85086198109775,262.9689862401841,351.64043984487165,310.1177603086796,314.97784484429195,361.1564979105488,243.29561112461917,329.7997949887092,349.61444769114615,316.91776797211475,322.6238688031072,248.4051084156639
245.97251849580266,330.8638238922733,304.3547178054581,344.7065978167148,332.6732371474499,263.5372019766225,351.80283268824996,310.542701169301,314.4655476072164,360.4329979930821,242.7999789710313,329.4822694869952,349.95804125582947,316.66453607065176,323.09060544564545,248.57898161203522
245.58113727806156,330.7069940766967,303.86783302565124,344.4643559896491,332.5530686430266,264.19715470411427,352.27823859604666,310.72712191451194,314.6969246116739,360.50448980372096,244.30967901921065,330.31172673116737,350.5697912231089,316.6502919893102,323.723287602319,249.0880073841063
245.33299048170863,330.00350365209255,303.25961438208844,343.92716950742187,332.4842162015652,265.20696568743057,352.89676748299263,311.0891980404206,313.9297483351565,359.6335315114423,244.10322769116343,330.1439503505816,350.2625954276175,316.2418315620586,323.7604282768954,249.04160646500347
245.07814900918237,330.27378461864754,303.0185179198159,344.506884054777,332.2117757655672,265.5425712364699,353.18329740629025,311.305669024823,314.03727802194373,359.336720148971,244.79926547444086,330.44476411012715,349.75072699020893,315.4118980741504,323.72888993396816,248.99624827730284
244.60829792445054,329.8739806547821,302.7846753083538,344.3252715661896,331.82250175107873,265.98158485564704,353.5013389494901,311.9196093661046,312.7856022574935,358.0679843199344,244.17087459101944,329.70375326029335,349.684539159486,315.2876805349854,324.30947882836927,249.13102584030364
244.44732711288287,329.352868186959,302.7553809265011,344.3996079323517,330.7377601704343,265.49409943506413,353.31125459038196,311.5449998446592,312.7307097276331,357.38882867647567,244.7009571957415,330.1178177184762,349.454627608599,314.72264216108533,324.5224216954076,248.70338330186962
245.2730597361674,329.99879626313975,303.58964016425745,345.4847343081798,330.0499646493266,265.95795811241976,353.09631035619793,311.6503975112064,311.48409315164645,355.79690132270065,243.83823123058,329.0356291521668,349.08001313260337,314.00839470457737,324.90385784365276,248.7533840478204
245.23003171983817,329.57969847166504,303.88840599470996,345.34466280348585,329.71216036953956,266.1134665372511,353.335990452037,312.2349279484269,310.30203345437565,354.46275756297734,243.5878546989063,328.4478617864893,349.6543985069345,314.3014812770761,326.10236692355517,249.58497143768128
246.11367469166143,329.7503884161546,304.6225637155553,346.1296936458653,328.7927666698291,266.2971136970795,353.350372310307,312.1829225943227,309.7837365471035,353.5408478438751,243.37172541745045,328.0283722265633,348.8366533877613,313.36961959110425,325.8686580992656,249.08619111875964
247.4910900398744,330.85512653271525,305.7868964632761,346.9713582356234,328.38936017786943,266.9039388981282,353.6020013397205,312.6801275934155,308.72918321196846,352.26553855627395,243.21123390654645,327.3476560366817,349.24872743266366,313.59691575283017,326.7106176447456,250.00595613173127
248.70214940926192,331.0092043568841,306.62570569665667,347.9566294889706,327.6403376194584,267.36693431944275,353.76733890092163,312.96578638792516,307.7170497926536,351.07998423597786,242.79781067641704,326.65950430051373,349.6999859000999,313.7063242759188,327.6526167269769,250.617293848209
249.65842175417404,331.5580519648147,307.91381565545,348.7118061997153,326.86702938492226,267.4102624091791,353.77541707561613,313.1432059630484,306.995216734907,350.04040933301917,242.65898336140452,326.4100745799636,349.74609359544627,313.6818500448465,328.3059962605008,250.7948344551826
250.7648843609572,332.0781490021344,308.7446777173112,349.68587561222233,325.9044879281749,267.31614838570135,353.6426999973728,313.3994392211258,306.3190293575635,348.9296854173785,243.49158249063078,326.2118812818128,350.22969118349675,314.02339622378787,329.82110289835634,252.15520902122498
252.9157949843782,333.1081543367136,310.4283927529646,350.8907753284459,325.37067267303144,268.11410456792663,353.4689333164014,313.9278540238654,306.49735537574276,348.695365977304,243.96463420091897,326.4284173270316,349.3367587014298,313.3489921656555,330.031879761982,252.0097401572752
255.06856608339876,334.0307377037158,312.1881309869273,352.17702848339883,325.2986022358014,268.04520163236924,353.68379460905953,314.46866987017836,305.7305771161097,347.626961493616,244.4186633838945,326.3431046483758,349.25564867812227,313.5374337964791,330.5206510830417,253.3268977673193
255.51288168512968,334.01526476509673,312.9545260249062,352.41525037810914,324.19999056935166,268.0146491155196,353.4987737763034,314.47768215481796,305.87118975812336,346.64430163870185,244.4181773358404,326.0465993878315,349.56716182293917,313.31698248548133,331.44505443049815,253.2270702587196
257.50822277028414,334.9361853737522,314.538511121012,353.375695719907,323.456631049608,268.58867815438947,353.0853397441578,314.87912607073736,305.19315769991607,345.71517843228986,244.55525946161396,325.9770578921428,349.46359737222394,313.3567613058259,331.58554243491244,253.51564656528532
257.7983518746894,334.9967433463372,314.7633422947726,353.3202030568827,322.65659335706454,268.79196463091085,352.8814951842741,315.17645283101524,305.53711037476546,345.49962709945356,245.29365673741276,326.49944913821656,349.44424885451417,313.3520785114754,332.488694152236,254.56295806104347
259.31752870156976,335.14585368240057,315.6763540683432,353.522430064078,322.08417268396425,268.63782045193386,352.53711642496626,315.4492868645793,305.5382837779585,345.1663469797404,245.88540332356015,326.58299853918714,349.5040140249487,313.2264060615418,333.6147429264584,255.11069486565125
259.7372943079068,335.1530895235739,316.1394405236468,353.5334540393816,322.1581102921712,269.4301328059712,353.0768217541166,316.4688353942594,305.6940306333465,344.38710602022024,246.8360484336599,326.6064744658272,348.92859604597567,312.77282224772586,333.6706065473074,255.4542621074623
260.2441307188167,334.81169991899486,316.1426047115812,353.2596422719021,322.0371647269876,270.4051408509492,353.31336858102253,317.3485076998211,306.4856171084792,344.8807105086438,248.4620190613389,327.8677545495471,349.2068550086956,312.96916121607114,335.34617025384557,256.59017698319883
258.2094187624311,332.38679213372563,314.8270690111006,351.35981139966196,321.5150356201046,270.000313365428,353.3111286955325,317.7338327831494,307.56071570565666,345.586557772904,249.98065043299266,329.26782651866466,348.82138126319927,312.5348701237272,335.2616179440511,256.7052928680134
259.1424381972995,331.93988082761956,315.2292475476941,351.00173703521335,321.2939846603977,270.6575174380146,353.6569328774721,318.9116958528857,308.03735624392453,345.5604804938668,250.4893332131106,329.94370765020244,349.55566488862104,313.5077029915091,336.7690542088418,257.78505576052345
258.6332187901181,331.5542530381822,315.2406758470635,350.4934841155127,321.11097986307004,270.95957066600647,353.8025275618151,319.72853535887856,308.65540662877777,346.12054635462835,252.56858987974928,331.00124701727674,349.5304720299602,313.2379627716648,337.49336392807794,258.14184827605476
258.2310402310242,330.6237872525644,314.8646201688294,350.00110174077133,320.6162349990222,270.8122230169363,353.5913988257096,319.94304125264154,309.4444336150836,346.26428660255726,253.6784646805142,332.09438096624086,349.81778158542096,313.3864266199178,338.16817385620146,258.82253953956314
257.8480181311342,329.83140040932153,314.1170479495801,349.4821747667351,321.11687244512217,272.0659151593987,354.10230932558284,320.88245894392776,310.0481104813088,346.87492292395,255.1116153389567,333.1368746513115,350.591167265029,314.29470827913747,339.73005105229686,260.8535459865544
257.47236072141857,328.8731840805011,314.18647907395456,348.69238179859536,321.95584757133264,272.9939797039333,354.73019733593077,322.39528479274395,310.76861273585536,346.87271119662,256.89844372972675,334.2334038318522,350.38823031900574,313.56942828990975,340.17420737862875,261.08932019781474
257.7428608449114,328.9808540676931,313.96230216421924,348.82344142875525,321.1541683154701,273.1486066770022,354.43072889009215,323.1888314520788,310.3132312827858,346.61774458262954,257.38880195276334,334.64197123027793,351.89181942674304,314.4597573953729,341.9651433283262,262.42537633244945
257.4398170106507,328.3476138152502,313.99088163475517,348.7809448450309,320.87957879545047,273.3720438811351,354.2873990866212,324.0502585453096,310.85472754980697,346.59629008306916,258.53393543338063,335.24703051099846,352.71326111321923,315.5275475061808,343.3109200585877,263.17000899456895
257.22958922859647,327.45223217266135,313.8000026721336,348.19211044550497,321.3767041844597,274.069569108394,355.0684065107966,325.764422533807,311.5722233173629,346.99723683895144,259.77865697968497,336.0121312564889,355.19408137441866,317.77594009807564,346.2669776801865,265.2162060119751
258.4526287167461,328.1291196512297,315.1041134081075,349.21525675967405,322.1081530759399,274.90832042803214,355.8829202994748,327.5577370986994,311.5851810594972,346.8658672067311,260.83859718793155,336.6724905718729,358.98276482706723,321.15903899190727,350.3291356190523,269.0663773789159
259.12506529857654,328.3265401480734,315.6226263949988,349.4818553558416,321.41575603665,274.9501644529478,355.59549418415924,328.2464785305572,312.16112704899194,347.0210872784527,261.9679253467014,337.3443435976115,362.0599097185168,323.7949209076709,353.90481761534227,272.17958672261045
259.0422474744653,327.9899670529531,315.89120542554866,349.20724860208804,322.628447646982,276.149605922837,356.3311746146876,329.9029129966832,312.3679397711731,346.8546883859117,262.9727312205877,337.95221274097713,364.0977223290416,325.8780534763447,356.4178292613443,274.3441597841706
260.309472124865,329.0981578487685,316.9372558620615,350.2767567041676,323.4105990619606,277.31373291858654,357.27699454242605,331.76742670596246,313.1752007951917,347.3707433958136,264.45593834416667,338.6165402074938,363.5917303816833,324.8316042603148,356.3932875293204,274.4834320757059
260.0757361802884,328.5809025347021,316.92018087493744,349.97341287869244,323.92954475453405,278.21115117907397,358.1248200663325,332.845527318633,313.58367785235646,347.83788998707564,265.39590281148486,339.6638208620426,363.96671091807616,325.11964355629493,358.0392059380303,275.83713880560566
261.9982908004131,330.29148750704275,318.66139725928423,351.7296314877168,324.39069381872986,278.8188355728091,358.21584170209854,333.7487623516054,313.6891482703029,347.8734049671611,266.52066779866914,340.45967646079765,363.39798031419997,324.2462795031187,357.9041164523811,276.1546131785367
262.93776295548474,331.2853149537027,319.79457546945264,352.89862786117567,324.73453218208925,279.67673974237994,358.8341785892436,334.9125438908802,313.8292007314695,347.81590185958373,267.3759949415972,340.7335091745871,364.1201736914416,325.23233953162884,359.5276463649072,278.5378563081034
264.5996233647364,332.1441767469323,321.77473540982186,354.62296136387636,324.7458274915171,280.350642330105,358.9108385977785,336.1491634034413,314.0541416573436,348.1274802395427,268.3469630359569,341.8469746840727,364.59972180030337,325.4141241316183,360.42916355260434,280.23724038512904
265.3189195672441,332.74689003199796,322.7028277218169,355.34667075583934,325.93105070597994,281.3002827513123,359.5327946935989,337.73963602447805,313.9925952650646,348.71772893099774,269.72360434634214,343.02070661111185,364.2916734075931,324.6804656419935,360.572089341337,280.67991165536165
266.61192341054374,333.5705332899759,323.84930528326066,356.25040711075604,327.08607597948486,282.06441454044136,360.4007739135564,339.5463851562742,314.71274029608605,348.96624195224103,271.00126968602893,343.9639917573442,362.42222588367883,322.84358742875,359.8958226546451,280.47715009261196
268.9966255890535,335.76147667990017,325.956768062528,358.50257705736175,328.22485723659423,283.169936474478,361.3833159887187,341.42931677324844,314.81445035087245,349.0961609309057,271.99728827073284,344.6061142994347,361.97372793736724,321.98411643840535,360.4075516257265,281.4234294356366
270.8678078373389,337.14258261508917,327.8853780546717,359.8660212573604,329.7061146832293,284.6815489361667,362.73351130801944,343.0891470735499,314.55420577127836,349.0586164776526,272.6373575253851,344.89469957664295,361.52750011538217,321.65487242710464,360.7342283624229,282.35037539463286
272.23819017893913,338.38960748435767,329.60746064447335,361.35409435171636,331.0161879646356,285.8147357180778,363.81730717388945,344.5236852184051,315.2944096443166,349.52366334240185,274.6526973611741,346.04154299326666,360.7534942735573,320.5916070272974,360.6191623099327,282.76842764898504
274.24313747536013,339.63911640180123,331.6721462977799,362.84386071999876,332.4932955278492,287.6570563937067,364.7736461918799,346.0897908959041,315.5982304748825,349.88644288837406,275.99343795153493,346.86177290223765,359.65976561584995,319.3788375059624,360.54185955494995,283.4072504189597
275.18788393358864,339.8673887480163,332.19952604005056,363.37131528434026,334.45729205344986,289.2193371896582,366.2468874773832,347.9044477719739,315.54607564718606,349.66437970482696,277.09766467684017,347.2448551237839,358.47014257220906,318.09642396924113,360.5987153886435,284.1844889466858
276.00611101734717,340.30712058723674,332.80529054911926,363.811004763366,336.2863792408693,290.3416591503813,367.759455951346,349.6263438444931,315.8697432284016,350.54781930769803,278.60455443537313,348.391244985965,358.06784001350866,317.89944219779113,361.11084443218965,285.81695133709604
276.884500889502,340.5689697532399,333.4959632536386,364.21869336888807,337.4596769726051,291.57568425116267,368.59233440896895,350.9013623309558,315.9238869243176,350.4410164314132,279.6624086452845,348.66193950045147,357.00638812314185,317.1852736584103,361.43738096351893,286.9451323709507
277.4211261405792,340.84356694340204,334.4069842355467,364.62659345265445,339.4391186029689,292.8102425992245,370.00711839850175,352.57451149289795,317.4454583665389,351.6332611670595,282.10313460438425,350.24852704297507,355.55120890648783,315.4367357290134,360.30881383618924,286.5979300321454
278.14963117410923,340.5839167904602,335.0224512568651,364.86884946940137,340.58598959841504,294.25314936556765,370.8787683985414,354.1654511201033,316.80427133920574,351.18040794217546,282.5982313029472,349.9208390663893,355.61610864040796,316.08849481786376,361.24860558695735,288.5697184254633
278.59013079677715,340.726647470881,335.39818379676126,365.13858633722225,341.7874925126018,295.996163288045,371.99736174926636,355.8328202938056,316.3202573139912,351.2565461458654,284.0033089452775,350.1628998867071,355.4470948463621,316.16150692694924,361.86833269734626,289.8811499472587
279.9993831230902,340.8703631132588,336.0537111418819,365.4741313917799,342.87476433673794,296.97785412659056,372.44652770372284,356.77999517942635,316.55737340199727,351.15739800990366,284.80085308780275,350.40460289731726,355.6955304271536,316.63392687775195,362.75455264447925,291.58454462333117
280.29310739824274,339.852972750795,335.5301575473788,364.42127782605576,343.0401766887418,297.48032145231537,373.00799584539624,357.2206072602674,316.68075697986154,351.04753618241443,285.8117871278348,350.93606814609325,355.8372780370289,317.056056197948,363.8609654348797,293.8430739092021
281.58135408838774,340.0779782205672,336.33466939353804,364.8799010229295,344.37305287287785,298.8300099093925,373.8231799783123,358.2173399511023,317.62287085545205,352.1204573241099,287.73565434109787,352.1048198281767,354.9738090526045,316.3002001488089,363.56922749161623,294.87389746434405
282.2381846102992,339.8350552534074,335.9494771500044,364.7840660303416,344.2818296274786,299.25787233844073,373.86863113197774,358.22730399187424,317.7594654439122,352.09388818328426,288.8716037263815,352.3512725481969,355.2776235563372,316.58543499475314,364.8124541556227,296.99134449514617
282.95990291603755,339.33239853379416,335.9571552098263,364.48478191463494,345.50697188891564,301.6998265347435,375.19384945672294,359.55779181715184,317.83023415052617,352.17697517359767,290.62537549026683,352.8468833344763,355.5365324485595,317.31125974519045,365.8577388869696,300.1389357419612
284.0211143406779,338.95022370041863,335.7434753437064,364.6541576650666,346.4131422078405,302.7696376819214,376.00920535740994,360.383089624866,318.0580592459999,352.96815602448277,291.9142897090513,353.2606843814468,355.33934413362294,317.28995850101313,366.00424868233733,301.2592637108785
285.73096677021084,339.29983902506393,336.8912472298993,365.4367751244084,347.09798266672163,304.21547494371066,376.33365011843205,360.7803373789937,319.134238730773,353.7920596067301,294.27982116318526,354.66922986187313,355.63344164229005,317.7339922263507,366.77393598695437,302.95199450616957
286.72949543840036,339.0766285725672,336.7612982027946,365.20880483651416,348.3590799864013,306.2462563688098,377.52167972907006,361.7832027078208,318.98498502761953,353.3015901519471,295.3133048285182,354.252461965237,356.2906914102696,318.36614802238046,367.5470662685139,304.6571145738328
288.17393485617754,339.07601378725366,337.1383989517034,365.38015534512556,349.65704884918347,308.1407558113864,378.7688340602867,363.006697545541,320.1602648598859,354.1344899395909,297.6610195396339,355.6509075588484,356.5824462542184,319.1123222650003,368.1353903829762,306.44374290694054
289.57345251875245,339.153401885859,337.4979440590363,365.65567337278816,350.15813095494957,310.0427620269274,379.45255264298953,364.0081054972769,321.00120515120943,354.595521696033,299.6473048830467,356.2408342368995,356.7459952246472,319.6437403771937,368.608336876566,308.2662412320566
291.3159939550244,339.3037410142213,338.0922636266059,366.3280017666501,351.68223305790394,312.82744586321564,380.9149836045483,365.4388689979359,321.1706510487018,354.27472931012693,301.1067334015495,356.5121294206327,357.3422170009366,320.1448124699069,369.40402349913717,309.63132303380263
293.57722617480675,339.3801322419394,339.09169367893435,367.0964331321333,352.93702958948734,315.1363474129734,381.9540485682224,366.5319336196292,321.6881901153536,354.63135796700163,303.0657872687863,356.89094630441576,358.2519297118643,321.23233083180855,370.1971357827464,312.8397517292189
295.4981458172002,340.727854363977,340.06608373244353,368.3539746371287,354.30212357269625,317.5630740462628,382.9334458117542,367.81216210741223,323.24538524720214,355.8210287367884,305.66058271088264,358.2529301079118,358.21506965128367,321.91297299664654,370.0568486915316,314.25967695185176
297.93107596725076,341.3252198364189,341.50096447471435,369.2983932151482,355.23904481305567,319.52789423284463,383.92125118199766,368.9808269351941,323.17046909068256,355.35816336864866,307.4804629536653,358.3065290302268,358.67333114298845,322.3116648835004,370.83232607911515,316.7835154096486
299.81719107181783,342.0177369302092,342.10257655364586,369.93483924343155,356.43389543419033,322.1645410828665,384.64860527788005,369.8376291251246,324.1605592950347,356.33037930230637,309.1968500638287,359.1927032264456,359.14419250116083,323.0754487263437,371.2980449274938,318.805003872928
302.4469600938113,343.0272288883976,343.2378596699955,370.88552899338254,358.23288650501945,324.95951871774764,386.24118639633906,371.18027164827197,325.7648787224265,357.1662150208641,312.1344743375942,360.38005500655095,360.05132419872206,324.2460793017703,372.4414096762608,322.01691779563527
